name	x	y	z	size
G1	0.0009777759663139925	0.0004935860323858484	0.00097814368181712	n/a
G2	0.0006414412143379681	0.00022601150153663164	0.0009881280085180246	n/a
G3	0.0009091371381376171	0.0008274001242864039	0.0007965741465737012	n/a
G4	0.00029383240752588614	0.0005101158016290691	0.0008551581649416405	n/a
G5	0.0007411270121122645	4.0417188712061456e-05	3.2219151940411585e-05	n/a
G6	0.0002984511839459253	4.593936652720254e-05	0.0005385950374846402	n/a
G7	0.000722174203436575	0.0006441775041962416	0.0008380396648778961	n/a
G8	0.00040715264680628305	0.0003800567395842973	0.000591716328524075	n/a
G9	0.00098439075917318	0.0005562543250607913	0.00027211368715623506	n/a
G10	0.0001681148169485952	0.0008128235050841461	0.00017169517325925566	n/a
G13	0.00044703807684416983	0.00022691044078729982	0.0007573489827175189	n/a
G14	0.0001452688424560159	0.0009932330066438795	0.0004526937242822763	n/a
G15	0.0009916000327104884	0.00020508476165075783	0.0008678327682165803	n/a
G16	0.00014674359894559507	0.000854953715988853	0.0005071298088679702	n/a
G17	0.0005003655742751322	0.0007826391892045698	4.071987697822898e-05	n/a
G18	0.0007582653658852165	0.0008060479819974139	0.0009905662833990135	n/a
G19	0.0008347582195723227	0.000606185262633036	0.0008240537542395214	n/a
G20	4.6673810898483105e-05	0.0004622745216867303	0.0006150446259688166	n/a
G21	0.0005457375433156332	3.479398369303888e-06	0.0007139219305008879	n/a
G22	0.0006270174483438629	0.000116141294639859	5.528040885437191e-05	n/a
G23	0.00030761681522602203	0.0006901998169947528	0.0003356438032548802	n/a
G11	0.0005722345946430782	0.0007816576906625858	0.0006284665459899071	n/a
G12	0.0004910283014751975	0.000819008854490368	0.0005128718501850307	n/a
G24	0.00033739853106916416	0.0006518163884209735	0.0007995110086368246	n/a
G25	0.0007703397009376044	0.00047636681148157376	0.0007924255010922957	n/a
G26	0.0006856299010580875	0.0007826653197991101	0.0006402778628271534	n/a
G27	0.0004906882308974433	0.0005255994775274534	0.0007340847413463748	n/a
G28	0.000768394954679366	0.0001579008521003349	0.0006029984253607055	n/a
G29	0.0003148519456039766	0.0003319775428407964	0.000364188472846987	n/a
G30	0.0006433602379696947	0.0003054932630940661	0.0002993015126461136	n/a
G31	0.0006735722805512223	0.00026270820494805934	0.0005154883488270466	n/a
G32	0.00043954668858767665	0.00026292635823968	0.0007989650206581684	n/a
ATT1	0.0004185653315920196	0.0007987032576904597	0.000995000962171317	n/a
ATT2	0.00019935504155398765	0.0007447119805467711	0.0007172494569653626	n/a
ATT3	0.0004959943281018308	0.0008638346342065682	0.0008011743479902305	n/a
ATT4	0.00046518984828179346	0.0008628135541446461	0.0008711880199531983	n/a
DC01	0.0008893970635024512	0.0007806977434673434	0.0007427044303576365	n/a
DC09	0.00012933045192074555	0.0003598711512709389	0.0004109404399677552	n/a
DC10	0.0006082039027340064	0.0005851508565135423	0.0007900281302513052	n/a
DC11	0.0006287107208779089	9.229882739711792e-05	0.0008950311502725682	n/a
DC12	0.000983113651115032	0.0005935404296081346	0.0003930930606418445	n/a
ATT5	0.00046237615435077594	0.0003187366843147317	0.0002767395513277472	n/a
ATT6	0.0005960366975250913	0.000778691327602452	0.0009812842200151886	n/a
$G11	4.420149973874643e-05	0.0005221467474575196	0.0005986553782418058	n/a
$G12	0.0008091197794528032	8.051731397419892e-05	0.00029799600248916813	n/a
ATT7	0.0005469355058197517	0.00021937738034164588	0.0009262994822400434	n/a
ATT8	0.0008214140877348214	0.0006935807690480324	0.000982267904173294	n/a
PLT1	0.0006230341141214348	0.0006724462232994408	0.0005308303260472334	n/a
PLT2	0.00018606683772311728	0.0006205402290390498	0.000432536762575746	n/a
PLT3	0.0009579447732805293	0.0002444097373678856	0.00043759078310759105	n/a
PLT4	0.0003661075185836189	0.00047086848916611136	0.0009447368595357704	n/a
PLT5	0.0005747229082481119	1.5456778982973706e-05	0.0005203700827158739	n/a
PLT6	0.0009276478279217885	2.513653066739585e-05	0.0006547992763889843	n/a
AST1	0.000842433233615099	0.0008650707336811944	8.195121305540343e-05	n/a
AST2	0.00035816318560335624	0.00025655707537738937	0.0006872188571793476	n/a
AST3	0.000641702501914043	0.00013028882188780445	0.000958227753642382	n/a
AST4	0.0006775000567650643	0.00020534160882019247	0.0009306522970791558	n/a
PST1	0.00027425271486690363	0.00035007318047106475	0.0008769436524335637	n/a
PST2	0.0007132041204206663	0.0008011826976909931	0.0008209928857051379	n/a
PST3	0.0007689096866491627	0.0009828908890212214	0.00035381710444142977	n/a
PST4	0.00034990996450659875	0.0006343247843086197	0.0004998597214778968	n/a
AD1	0.0007974815769133102	0.00039802229764981256	0.00028856987565574753	n/a
AD2	0.0003831138624353602	0.0009249307376562188	0.0005296455738806964	n/a
AD3	0.00034548708836758734	0.0009047872419918739	0.0006805712638025428	n/a
AD4	0.000913353748008604	0.0006000827136067192	0.0007098817125288499	n/a
PD1	0.00010996074021016921	0.00031867671214476823	0.0005949386572517058	n/a
PD2	0.0005892653117151841	5.2255656939431795e-05	0.0008512471324854539	n/a
PD3	0.0006422395588610346	0.0005516585368857341	0.00021491941679691108	n/a
PD4	0.00042971488915851606	0.00018284325345959906	0.0006841782766368826	n/a
RQ1	0.0009035806636853061	0.0009670437492460537	0.000359612658862149	n/a
RQ2	0.000348089348029089	0.00043591122488646197	0.0004526733391576552	n/a
SF1	0.0005840310966419711	0.0004428099555408603	0.0006808388742093993	n/a
SF2	0.0006533394352857264	5.5825214304929707e-05	0.0005939637565332905	n/a
SF3	0.0006697565740140974	0.000816257942169393	0.0004582234322302593	n/a
SF4	0.0003624074190010993	0.00035001573036313717	0.0004563969082188318	n/a
SF5	0.000410402450811798	0.0009035166502346403	0.0007544080599079652	n/a
SF6	9.549300100684932e-05	0.0005667195106770805	2.4330921790210123e-05	n/a
IF1	0.00019273013701813613	0.0007577900241126795	0.0008649728386868284	n/a
IF2	0.0002785171414022517	0.0006311425415328797	0.00018220103477824257	n/a
IF3	0.0006202730036759121	0.00044101089270203364	0.0008518994027738095	n/a
IF4	6.821986609072517e-06	0.0007885884249903989	0.0006657055248007008	n/a
IF5	8.233433571364857e-06	0.0004777323438146025	0.00011874621705168665	n/a
IF6	0.00021765252448774242	0.0007203020647009893	2.549125901097682e-06	n/a
ILT1	0.00039585034825006914	0.0003588802731300371	0.0007292153299310757	n/a
ILT2	0.0003761492447236863	0.0004560414899467561	0.00042445260977496725	n/a
ILT3	0.00038249858326139664	6.610498182888069e-05	0.000534931019368614	n/a
ILT4	0.0008689077557943561	0.000878240588575465	0.00022084952302797988	n/a
MLT1	0.0001274413352351955	0.000546927155824951	0.00015478493581552255	n/a
MLT2	0.0005888950345651093	0.0007479067549075896	0.0005170535794469077	n/a
MLT3	0.000512096612854809	0.00032662469917078883	0.0005756717524224493	n/a
MLT4	9.057110522250211e-05	0.00025373625255322276	0.0005830954597896394	n/a
SLT1	0.0005477446536002234	0.0005205979947854725	0.0006312735282184026	n/a
SLT2	0.0001710680828421435	0.0004155450441016294	0.00011404333824929213	n/a
SLT3	0.000650056973524213	0.0006654021556687351	0.000801978293728588	n/a
SLT4	0.0007813244376289865	0.0006805068935686318	0.0007765627742069428	n/a
EKG1	n/a	n/a	n/a	n/a
EKG2	n/a	n/a	n/a	n/a
N/A	5.7768716040462295e-05	0.0009169993871768662	0.0006415402001404984	n/a